<?xml version="1.0"?>
<opencv_storage>
<Projector><Width>1024</Width>
  <Height>768</Height></Projector>
<Camera><ID>0</ID>
  <Width>1600</Width>
  <Height>1200</Height></Camera>
<ProjectorWindow><Position><x>1324</x>
    <y>-20</y></Position></ProjectorWindow>
<Reconstruction><AutoContrast>1</AutoContrast>
  <SaveAutoContrastImages>0</SaveAutoContrastImages>
  <RaySampling>1</RaySampling>
  <blackThreshold>40</blackThreshold>
  <whiteThreshold>5</whiteThreshold></Reconstruction>
</opencv_storage>
